Temperature,Mean Difference
1,0.243397
10,0.013501
100,0.001245
1000,0.000123
10000,0.000011
